game;CARPU;revenue;Downloads;RPD;LTV-West;LTV-East;sell_ad;in_app_purchases;metacritic;asian_share;sports;strategy;action;rpg;casino;casual;CPI;profit;ROI;retention;est_DAU;;;
8 Ball Pool;0.8;5000000;10000000;0.5;2.59;0.54;0;1;0;0;1;0;0;0;0;0;2.29;-1.49;-0.650655022;0.04;400000;;;
AFK Arena;22;10000000;200000;50;22.72;52.11;0;1;0;0.42;0;0;0;1;0;0;4.4;17.6;4;0.049;9800;;;
Age of Origins:Tower Defense;9.43;10000000;1000000;10;18.29;38.4;0;1;0;0.39;0;1;0;0;0;0;3.81;5.62;1.475065617;0.06;60000;;;
Angry Birds 2;1.32;5000000;2000000;2.5;3.3;0.77;1;1;66;0.07;0;0;0;0;0;1;3.28;-1.96;-0.597560976;0.052;104000;;;
ANOTHER EDEN Global;34.03;5000000;50000;100;10.22;45.52;0;1;0;0.91;0;0;0;1;0;0;4.4;29.63;6.734090909;0.049;2450;;;
Arknights;36.79;5000000;100000;50;25.07;73.55;0;1;80;0.75;0;1;0;0;0;0;3.81;32.98;8.656167979;0.06;6000;;;
Best Fiends - Match 3 Puzzles;4.1;5000000;200000;25;7.08;1.06;1;1;0;0.035;0;0;0;0;0;1;3.28;0.82;0.25;0.052;10400;;;
Big Fish Casino: Slots;29.92;10000000;20000;500;34.43;0;1;1;0;0;0;0;0;0;1;0;7.28;22.64;3.10989011;0.05;1000;;;
Billionaire Casino Slots 777;11.7;5000000;100000;50;18.11;0;1;1;0;0;0;0;0;0;1;0;7.28;4.42;0.607142857;0.05;5000;;;
Bingo Blitz™? - Bingo Games;17.35;20000000;1000000;20;33.09;0;1;1;0;0;0;0;0;0;1;0;7.28;10.07;1.383241758;0.05;50000;;;
Blade&Soul Revolution;68.28;2000000;50000;40;12.44;147.18;1;1;0;0.88;0;0;0;1;0;0;4.4;63.88;14.51818182;0.049;2450;;;
Board Kings: Board dice game;3.37;5000000;200000;25;7.34;0;0;1;0;0;0;0;0;0;0;1;3.28;0.09;0.027439024;0.052;10400;;;
Brawl Stars;3.49;10000000;2000000;5;6.89;9.2;0;1;72;0.19;0;0;1;0;0;0;2.53;0.96;0.37944664;0.049;98000;;;
Caesars Slots: Casino game;12.32;5000000;200000;25;18.04;0;1;1;0;0;0;0;0;0;1;0;7.28;5.04;0.692307692;0.05;10000;;;
Call of Duty®: Mobile;3.13;20000000;2000000;10;5.41;16.87;1;1;81;0.11;0;0;1;0;0;0;2.53;0.6;0.23715415;0.049;98000;;;
Candy Crush Saga;4.63;50000000;10000000;5;20.3;9.44;1;1;79;0.115;0;0;0;0;0;1;3.28;1.35;0.411585366;0.052;520000;;;
Candy Crush Soda Saga;4.98;20000000;2000000;10;15.43;6.13;1;1;78;0.125;0;0;0;0;0;1;3.28;1.7;0.518292683;0.052;104000;;;
Cash Frenzy™ - Casino Slots;17.36;10000000;200000;50;25.36;0;1;1;0;0;0;0;0;0;1;0;7.28;10.08;1.384615385;0.05;10000;;;
Cash Tornado™ Slots - Casino;13.57;5000000;200000;25;16.92;0;1;1;0;0;0;0;0;0;1;0;7.28;6.29;0.864010989;0.05;10000;;;
Cashman Casino Las Vegas Slots ;31.3;10000000;200000;50;38.67;0;1;1;0;0;0;0;0;0;1;0;7.28;24.02;3.299450549;0.05;10000;;;
Clash of Clans;7.1;20000000;2000000;10;21.51;12.93;0;1;74;0.16;0;1;0;0;0;0;3.81;3.29;0.86351706;0.06;120000;;;
Clash Royale;4.8;20000000;5000000;4;11.03;8.79;0;1;86;0.19;0;1;0;0;0;0;3.81;0.99;0.25984252;0.06;300000;;;
Clockmaker: Match 3 Games!;7.79;5000000;200000;25;15.89;0;1;1;0;0;0;0;0;0;0;1;3.28;4.51;1.375;0.052;10400;;;
Coin Master;9.3;50000000;2000000;25;20.04;19.28;0;0;0;0.145;0;0;0;0;1;0;7.28;2.02;0.277472527;0.05;100000;;;
Cookie Run: Kingdom;10.49;5000000;500000;10;10.4;19.59;0;1;0;0.44;0;0;0;1;0;0;4.4;6.09;1.384090909;0.049;24500;;;
Design Home: Real Home Decor;5.32;5000000;200000;25;8.55;0;1;1;0;0;0;0;0;0;0;1;3.28;2.04;0.62195122;0.052;10400;;;
DoubleDown™ Casino -Slots Game;33.97;10000000;200000;50;42.44;0;0;1;0;0;0;0;0;0;1;0;7.28;26.69;3.666208791;0.05;10000;;;
DRAGON BALL LEGENDS;21.35;5000000;200000;25;17.7;43.7;0;1;69;0.29;0;0;0;1;0;0;4.4;16.95;3.852272727;0.049;9800;;;
DRAGON BALL Z DOKKAN BATTLE;20.41;10000000;200000;50;36.72;87.14;1;1;71;0.44;0;0;0;1;0;0;4.4;16.01;3.638636364;0.049;9800;;;
DRAGON BALL Z DOKKAN BATTLE;65.93;5000000;100000;50;46.01;102.51;1;1;71;0.44;0;0;0;1;0;0;4.4;61.53;13.98409091;0.049;4900;;;
eFootball PES 2021;3.86;10000000;2000000;5;1.79;30.22;1;1;73;0.76;1;0;0;0;0;0;2.29;1.57;0.68558952;0.04;80000;;;
Empires & Puzzles: Match-3 RPG;16.71;20000000;500000;40;38.32;29.8;1;1;0;0.15;0;0;0;0;0;1;3.28;13.43;4.094512195;0.052;26000;;;
Epic Seven;35.87;5000000;100000;50;49.37;35.87;1;1;0;0.29;0;0;0;1;0;0;4.4;31.47;7.152272727;0.049;4900;;;
EverMerge: Merge 3 Puzzle;8.95;5000000;200000;25;16.63;14.47;1;1;0;0.04;0;0;0;0;0;1;3.28;5.67;1.728658537;0.052;10400;;;
Evony: The King's Return;4.21;20000000;2000000;10;12.67;9.18;0;1;0;0.09;0;1;0;0;0;0;3.81;0.4;0.104986877;0.06;120000;;;
Family Farm Adventure;3.08;5000000;1000000;5;6.12;7.21;1;1;0;0.19;0;0;0;0;0;1;3.28;-0.2;-0.06097561;0.052;52000;;;
Family Island™ — Farming game;4.28;10000000;1000000;10;10.46;9.8;1;1;0;0.13;0;0;0;0;0;1;3.28;1;0.304878049;0.052;52000;;;
Farm Heroes Saga;2.83;5000000;1000000;5;11.11;6.94;1;1;70;0.145;0;0;0;0;0;1;3.28;-0.45;-0.137195122;0.052;52000;;;
Fate/Grand Order (English);335.63;20000000;100000;200;434.99;121.04;0;1;0;0.89;0;0;0;1;0;0;4.4;331.23;75.27954545;0.049;4900;;;
FFBE WAR OF THE VISIONS;63.3;5000000;20000;250;42.88;110.51;1;1;0;0.6;0;0;0;1;0;0;4.4;58.9;13.38636364;0.049;980;;;
FIFA ONLINE 4 M by EA SPORTS™;47.86;5000000;50000;100;0;47.86;0;0;0;1;1;0;0;0;0;0;2.29;45.57;19.89956332;0.04;2000;;;
FIFA Soccer;0.81;5000000;5000000;1;2.46;1.99;0;1;79;0.05;1;0;0;0;0;0;2.29;-1.48;-0.64628821;0.04;200000;;;
Fire Emblem Heroes;59.58;5000000;20000;250;46.68;112.93;0;1;72;0.46;0;1;0;0;0;0;3.81;55.77;14.63779528;0.06;1200;;;
Fishdom;3.35;20000000;5000000;4;9.82;5.95;1;1;0;0.1;0;0;0;0;0;1;3.28;0.07;0.021341463;0.052;260000;;;
Fishing Clash;3.03;5000000;500000;10;8.85;5.3;0;1;0;0.175;0;0;0;0;0;1;3.28;-0.25;-0.076219512;0.052;26000;;;
Game of Thrones: Conquest ™;29.47;5000000;20000;250;48.25;0;0;1;0;0;0;1;0;0;0;0;3.81;25.66;6.734908136;0.06;1200;;;
Gardenscapes;5.12;20000000;2000000;10;14.81;12.16;1;1;0;0.19;0;0;0;0;0;1;3.28;1.84;0.56097561;0.052;104000;;;
Garena Free Fire: Heroes Arise;1.84;20000000;20000000;1;19.51;2.51;0;1;0;0.23;0;0;1;0;0;0;2.53;-0.69;-0.272727273;0.049;980000;;;
Garena ROV: 5V5 FEST;2.56;10000000;2000000;5;0;10.40;0;1;0;1;0;0;0;1;0;0;4.4;-1.84;-0.418181818;0.049;98000;;;
Genshin Impact;21.46;100000000;2000000;50;26.06;46.87;0;1;82;0.73;0;0;0;1;0;0;4.4;17.06;3.877272727;0.049;98000;;;
Gold Fish Casino Slot Games;18.38;5000000;100000;50;23.82;0;0;1;0;0;0;0;0;0;1;0;7.28;11.1;1.524725275;0.05;5000;;;
Golf Clash;11.24;10000000;100000;100;15.66;12.05;1;1;0;0.04;1;0;0;0;0;0;2.29;8.95;3.908296943;0.04;4000;;;
Golf Rival;6.01;5000000;500000;10;9.3;7.43;1;1;0;0.05;1;0;0;0;0;0;2.29;3.72;1.624454148;0.04;20000;;;
Guns of Glory: The Iron Mask;13.52;10000000;200000;50;31.33;21.09;0;1;0;0.13;0;1;0;0;0;0;3.81;9.71;2.54855643;0.06;12000;;;
Harry Potter: Puzzles & Spells;5.34;5000000;200000;25;10.45;7.86;1;1;0;0.06;0;0;0;0;0;1;3.28;2.06;0.62804878;0.052;10400;;;
Hay Day;4.03;10000000;2000000;5;11.1;5.79;1;1;0;0.17;0;0;0;0;0;1;3.28;0.75;0.228658537;0.052;104000;;;
Hearthstone;8.01;10000000;200000;50;9.78;10.67;1;1;93;0.5;0;0;0;1;0;0;4.4;3.61;0.820454545;0.049;9800;;;
Hero Wars – Fantasy Battles;6.1;10000000;500000;20;13.18;14.39;1;1;0;0.22;0;0;0;1;0;0;4.4;1.7;0.386363636;0.049;24500;;;
Hit it Rich! Casino Slots Game;31.41;5000000;50000;100;36.7;0;1;1;0;0;0;0;0;0;1;0;7.28;24.13;3.31456044;0.05;2500;;;
Homescapes;4.38;20000000;2000000;10;11.76;10.31;1;1;0;0.18;0;0;0;0;0;1;3.28;1.1;0.335365854;0.052;104000;;;
House of Fun™ - Casino Slots;19.04;5000000;200000;25;29.35;0;1;1;0;0;0;0;0;0;1;0;7.28;11.76;1.615384615;0.05;10000;;;
Huuuge Casino Slots Vegas 777;13.37;10000000;200000;50;19.47;0;1;1;0;0;0;0;0;0;1;0;7.28;6.09;0.836538462;0.05;10000;;;
Identity V;6.17;10000000;500000;20;10.39;7.82;0;1;0;0.81;0;0;1;0;0;0;2.53;3.64;1.438735178;0.049;24500;;;
Infinite Lagrange;12.19;2000000;100000;20;6.87;22.01;0;1;0;0.93;0;0;0;1;0;0;4.4;7.79;1.770454545;0.049;4900;;;
Jackpot Magic Slots™ & Casino;17.78;5000000;20000;250;20.11;0;1;1;0;0;0;0;0;0;1;0;7.28;10.5;1.442307692;0.05;1000;;;
Jackpot Party Casino Slots;29.67;10000000;200000;50;40.71;0;1;1;0;0;0;0;0;0;1;0;7.28;22.39;3.075549451;0.05;10000;;;
Jackpot Party Casino Slots;29.67;10000000;200000;50;40.71;0;1;1;0;0;0;0;0;0;1;0;7.28;22.39;3.075549451;0.05;10000;;;
Jackpot World™ - Slots Casino;11.78;10000000;500000;20;20.44;0;1;1;0;0;0;0;0;0;1;0;7.28;4.5;0.618131868;0.05;25000;;;
JJ???;6.87;10000000;200000;50;0;6.87;1;1;0;1;0;0;0;0;0;1;3.28;3.59;1.094512195;0.052;10400;;;
June's Journey: Hidden Objects;6.31;10000000;500000;20;13.35;7.8;1;1;0;0.05;0;0;0;0;0;1;3.28;3.03;0.923780488;0.052;26000;;;
King of Avalon: Dominion;14.82;10000000;200000;50;28.85;24.46;0;1;0;0.18;0;0;0;1;0;0;4.4;10.42;2.368181818;0.049;9800;;;
Kingdom Guard;4.78;5000000;1000000;5;10.02;0;1;1;0;0;0;0;0;1;0;0;4.4;0.38;0.086363636;0.049;49000;;;
King's Choice;4.97;5000000;500000;10;6.4;0;0;1;0;0;0;0;0;1;0;0;4.4;0.57;0.129545455;0.049;24500;;;
Kiss of War;8.37;5000000;200000;25;23.59;16.58;0;1;0;0.12;0;0;0;1;0;0;4.4;3.97;0.902272727;0.049;9800;;;
Klondike Adventures;7.03;5000000;1000000;5;17.29;12.46;1;1;0;0.07;0;0;0;0;0;1;3.28;3.75;1.143292683;0.052;52000;;;
Knives Out;16.6;20000000;200000;100;0.84;28.58;0;0;0;0.99;0;0;1;0;0;0;2.53;14.07;5.561264822;0.049;9800;;;
Last Shelter: Survival;13.58;10000000;200000;50;32.42;21.09;0;1;0;0.11;0;0;0;1;0;0;4.4;9.18;2.086363636;0.049;9800;;;
LifeAfter;10.65;10000000;500000;20;5.53;21.08;0;1;0;0.93;0;0;1;0;0;0;2.53;8.12;3.209486166;0.049;24500;;;
Lightning Link Casino Slots;37.49;10000000;200000;50;50.6;0;0;1;0;0;0;0;0;0;1;0;7.28;30.21;4.149725275;0.05;10000;;;
Lily’s Garden;5.03;5000000;2000000;2.5;15.69;5.79;1;1;0;0.04;0;0;0;0;0;1;3.28;1.75;0.533536585;0.052;104000;;;
LINE?????? ????;27.29;10000000;200000;50;3.77;38.12;0;1;0;0.99;0;0;0;0;0;1;3.28;24.01;7.320121951;0.052;10400;;;
Lineage 2: Revolution;62.89;5000000;20000;250;14.91;182.54;1;1;74;0.88;0;0;0;1;0;0;4.4;58.49;13.29318182;0.049;980;;;
Lineage W;104.8;50000000;20000;2500;0;226.04;0;1;0;1;0;0;0;1;0;0;4.4;100.4;22.81818182;0.049;980;;;
Lords Mobile: Tower Defense;5.42;20000000;5000000;4;17.14;19.97;0;1;0;0.28;0;1;0;0;0;0;3.81;1.61;0.422572178;0.06;300000;;;
Lotsa Slots - Casino Games;16.13;10000000;200000;50;25.17;0;1;1;0;0;0;0;0;0;1;0;7.28;8.85;1.215659341;0.05;10000;;;
Mafia City;8.63;10000000;1000000;10;10.76;59.06;0;1;0;0.44;0;1;0;0;0;0;3.81;4.82;1.265091864;0.06;60000;;;
Manor Matters;2.16;5000000;500000;10;4.87;7.57;0;1;0;0.29;0;0;0;0;0;1;3.28;-1.12;-0.341463415;0.052;26000;;;
MapleStory M - Fantasy MMORPG;21.08;5000000;100000;50;25.76;23.06;0;1;0;0.53;0;0;0;1;0;0;4.4;16.68;3.790909091;0.049;4900;;;
Marvel Contest of Champions;6.55;10000000;1000000;10;16.61;3.09;0;1;76;0.095;0;0;1;0;0;0;2.53;4.02;1.588932806;0.049;49000;;;
MARVEL Strike Force: Squad RPG;12.08;10000000;500000;20;24.4;12.54;0;1;0;0.03;0;0;0;1;0;0;4.4;7.68;1.745454545;0.049;24500;;;
Match Masters;3.48;5000000;1000000;5;8.49;0;1;1;0;0;0;0;0;0;0;1;3.28;0.2;0.06097561;0.052;52000;;;
Matchington Mansion;3.41;5000000;1000000;5;8.36;7.41;1;1;0;0.13;0;0;0;0;0;1;3.28;0.13;0.039634146;0.052;52000;;;
Merge County;3.74;5000000;500000;10;5.69;5.34;1;1;0;0.13;0;0;0;0;0;1;3.28;0.46;0.140243902;0.052;26000;;;
Merge Dragons!;9.14;10000000;200000;50;15.68;7.25;1;1;0;0.04;0;0;0;0;0;1;3.28;5.86;1.786585366;0.052;10400;;;
Merge Mansion;3.46;5000000;1000000;5;6.32;6.45;0;1;0;0.08;0;0;0;0;0;1;3.28;0.18;0.054878049;0.052;52000;;;
MIR4;12.5;5000000;100000;50;82.3;39.88;1;1;0;0.39;0;0;0;1;0;0;4.4;8.1;1.840909091;0.049;4900;;;
Mobile Legends: Adventure;4.46;2000000;200000;10;16.56;29.49;0;1;0;0.43;0;0;0;1;0;0;4.4;0.06;0.013636364;0.049;9800;;;
Mobile Legends: Bang Bang;1.86;20000000;5000000;4;7.84;10.33;1;1;0;0.4;0;0;0;1;0;0;4.4;-2.54;-0.577272727;0.049;245000;;;
Phase 10: World Tour;6.83;5000000;500000;10;7.72;0;1;1;0;0;1;0;0;0;0;0;2.29;4.54;1.982532751;0.04;20000;;;
Pokémon GO;7.34;20000000;2000000;10;10.86;28.83;0;1;69;0.39;0;0;0;0;0;1;3.28;4.06;1.237804878;0.052;104000;;;
POP! Slots™ Vegas Casino Games;13.3;5000000;100000;50;23.84;0;0;1;0;0;0;0;0;0;1;0;7.28;6.02;0.826923077;0.05;5000;;;
Project Makeover;2.53;10000000;2000000;5;5.3;4.41;0;1;0;0.07;0;0;0;0;0;1;3.28;-0.75;-0.228658537;0.052;104000;;;
PUBG Mobile;6;100000000;5000000;20;9.8;20.36;1;1;82;0.7;0;0;1;0;0;0;2.53;3.47;1.371541502;0.049;245000;;;
Puzzles & Survival;17.06;20000000;500000;40;17.8;49.73;0;1;0;0.53;0;0;0;0;0;1;3.28;13.78;4.201219512;0.052;26000;;;
QQ??;35.59;5000000;100000;50;0;35.59;0;1;0;1;0;0;0;0;0;1;3.28;32.31;9.850609756;0.052;5200;;;
Quick Hit Casino Slot Games;15.33;5000000;200000;25;18.65;0;0;1;0;0;0;0;0;0;1;0;7.28;8.05;1.105769231;0.05;10000;;;
RAID: Shadow Legends;11.69;20000000;1000000;20;21.49;15.87;0;1;0;0.08;0;0;0;1;0;0;4.4;7.29;1.656818182;0.049;49000;;;
Redecor - Home Design Game;4.15;5000000;1000000;5;6.6;0;0;1;0;0;0;0;0;0;0;1;3.28;0.87;0.265243902;0.052;52000;;;
Rise of Empires: Ice and Fire;9.87;10000000;500000;20;27.04;26.59;1;1;0;0;0;0;0;0;0;1;3.28;6.59;2.009146341;0.052;26000;;;
Rise of Kingdoms: Lost Crusade;19.17;20000000;1000000;20;27.9;71.96;0;1;0;0.32;0;1;0;0;0;0;3.81;15.36;4.031496063;0.06;60000;;;
Roblox;4.14;50000000;10000000;5;9.7;5.46;0;1;0;0.19;0;0;0;0;0;1;3.28;0.86;0.262195122;0.052;520000;;;
Royal Match;6.66;20000000;2000000;10;12.68;7.83;0;1;0;0.16;0;0;0;0;0;1;3.28;3.38;1.030487805;0.052;104000;;;
Rush Royale: Tower Defense TD;1.9;5000000;1000000;5;4.6;0;1;1;0;0;0;1;0;0;0;0;3.81;-1.91;-0.501312336;0.06;60000;;;
Sky: Children of the Light;3.29;5000000;50000;100;2.63;11.46;0;1;82;0.69;0;0;1;0;0;0;2.53;0.76;0.300395257;0.049;2450;;;
SLIME - ISEKAI Memories;30.88;2000000;50000;40;15.08;38.28;0;1;0;0.82;0;0;0;1;0;0;4.4;26.48;6.018181818;0.049;2450;;;
Slotomania™ Casino Slots Games;25.63;20000000;500000;40;42.34;0;1;1;0;0;0;0;0;0;1;0;7.28;18.35;2.520604396;0.05;25000;;;
Slots: Heart of Vegas Casino;30.16;10000000;100000;100;36.46;0;1;1;0;0;0;0;0;0;1;0;7.28;22.88;3.142857143;0.05;5000;;;
Solitaire Grand Harvest;9.03;10000000;500000;20;19.46;0;1;1;0;0;0;0;0;0;0;1;3.28;5.75;1.75304878;0.052;26000;;;
Speed Drifters;16.09;5000000;500000;10;0;16.09;0;1;0;0.99;1;0;0;0;0;0;2.29;13.8;6.026200873;0.04;20000;;;
Star Trek™ Fleet Command;35.63;10000000;100000;100;54.17;0;0;1;82;0;0;1;0;0;0;0;3.81;31.82;8.351706037;0.06;6000;;;
Star Wars™: Galaxy of Heroes;10.01;10000000;200000;50;18.45;6.64;0;1;70;0.065;0;0;0;1;0;0;4.4;5.61;1.275;0.049;9800;;;
State of Survival: Zombie War;10.19;20000000;2000000;10;18.75;10.19;0;1;0;0.265;0;1;0;0;0;0;3.81;6.38;1.674540682;0.06;120000;;;
Summoners War;23.25;10000000;200000;50;32.15;36.27;1;1;0;0.36;0;0;0;1;0;0;4.4;18.85;4.284090909;0.049;9800;;;
The Ants: Underground Kingdom;3.47;5000000;1000000;5;6.7;12.23;0;1;0;0.41;0;1;0;0;0;0;3.81;-0.34;-0.089238845;0.06;60000;;;
The Grand Mafia;5.73;5000000;1000000;5;10.88;0;0;1;0;0;0;1;0;0;0;0;3.81;1.92;0.503937008;0.06;60000;;;
The Lord of the Rings: War;5.94;5000000;500000;10;13.25;1.81;0;1;0;0.13;0;1;0;0;0;0;3.81;2.13;0.559055118;0.06;30000;;;
The Seven Deadly Sins;19.9;5000000;200000;25;24.48;46.97;1;1;0;0.53;0;0;0;1;0;0;4.4;15.5;3.522727273;0.049;9800;;;
The Walking Dead: Survivors;5.72;5000000;200000;25;12.72;20.97;1;1;0;0.25;0;1;0;0;0;0;3.81;1.91;0.501312336;0.06;12000;;;
Tiki Solitaire TriPeaks;11.1;5000000;200000;25;13.21;0;1;1;0;0;0;0;0;0;0;1;3.28;7.82;2.384146341;0.052;10400;;;
Toca Life World: Build stories;1.58;10000000;5000000;2;4.73;0.6;0;1;0;0.145;0;0;0;0;0;1;3.28;-1.7;-0.518292683;0.052;260000;;;
Toon Blast;9.19;20000000;1000000;20;13.08;13.55;0;1;0;0.21;0;0;0;0;0;1;3.28;5.91;1.801829268;0.052;52000;;;
Top Eleven Be a Soccer Manager;2.54;2000000;1000000;2;6.84;0;1;1;63;0;1;0;0;0;0;0;2.29;0.25;0.109170306;0.04;40000;;;
Top War: Battle Game;7.35;20000000;1000000;20;13.66;13.29;1;1;0;0.4;0;1;0;0;0;0;3.81;3.54;0.929133858;0.06;60000;;;
Township;2.96;20000000;2000000;10;10.36;4.64;1;1;0;0.07;0;0;0;0;0;1;3.28;-0.32;-0.097560976;0.052;104000;;;
Toy Blast;6.38;10000000;200000;50;11.61;8.22;0;1;0;0.07;0;0;0;0;0;1;3.28;3.1;0.945121951;0.052;10400;;;
War and Order;12.81;10000000;500000;20;30.86;13.39;0;1;0;0.185;0;1;0;0;0;0;3.81;9;2.362204724;0.06;30000;;;
War Robots Multiplayer Battles;3.27;5000000;1000000;5;7.17;5.71;1;1;0;0.1;0;0;1;0;0;0;2.53;0.74;0.292490119;0.049;49000;;;
Warpath;6.8;5000000;500000;10;13.9;26.33;0;1;0;0.235;0;1;0;0;0;0;3.81;2.99;0.784776903;0.06;30000;;;
West Game;7.96;5000000;100000;50;15.62;0;1;1;0;0;0;1;0;0;0;0;3.81;4.15;1.089238845;0.06;6000;;;
Wizard of Oz Slots Games;24.99;5000000;50000;100;28.59;0;1;1;0;0;0;0;0;0;1;0;7.28;17.71;2.432692308;0.05;2500;;;
Wordscapes;1.58;2000000;2000000;1;2.19;0;1;1;0;0;0;0;0;0;0;1;3.28;-1.7;-0.518292683;0.052;104000;;;
World Series of Poker - WSOP;7.94;10000000;500000;20;14.19;0;1;1;0;0;0;0;0;0;0;1;3.28;4.66;1.420731707;0.052;26000;;;
Yahtzee® with Buddies Dice;7.29;5000000;200000;25;8.34;0;1;1;0;0;0;0;0;0;0;1;3.28;4.01;1.222560976;0.052;10400;;;
Yalla Ludo - Ludo&Domino;1.51;5000000;2000000;2.5;16.85;0;0;1;0;0;0;0;0;0;0;1;3.28;-1.77;-0.539634146;0.052;104000;;;
Yu-Gi-Oh! Master Duel;9.87;10000000;50000;200;3.14;25.38;1;1;0;0.84;0;0;1;0;0;0;2.53;7.34;2.901185771;0.049;2450;;;
Zen Match;1.2;5000000;2000000;2.5;2.07;1.22;1;1;0;0.075;0;0;0;0;0;1;3.28;-2.08;-0.634146341;0.052;104000;;;
Zynga Poker- Texas Holdem Game;7.18;5000000;200000;25;12.78;0;1;1;0;0;0;0;0;0;0;1;3.28;3.9;1.18902439;0.052;10400;;;
????????????Music;130.97;20000000;50000;400;0;130.97;1;1;0;1;0;0;0;0;0;1;3.28;127.69;38.92987805;0.052;2600;;;
????? ? ?????RPG;23.87;5000000;50000;100;0;23.87;1;1;0;1;0;0;0;1;0;0;4.4;19.47;4.425;0.049;2450;;;
???????;7.06;5000000;500000;10;3.86;11.93;1;1;0;1;0;1;0;0;0;0;3.81;3.25;0.853018373;0.06;30000;;;
?????????(Puzzle & Dragons);118.7;20000000;100000;200;10.52;155.22;1;1;0;1;0;0;0;0;0;1;3.28;115.42;35.18902439;0.052;5200;;;
????????? ????????? feat. ????;22.89;20000000;500000;40;2.49;26.19;0;1;0;1;0;0;0;0;0;1;3.28;19.61;5.978658537;0.052;26000;;;
?????????A;119.76;20000000;100000;200;0;119.76;1;1;0;1;1;0;0;0;0;0;2.29;117.47;51.29694323;0.04;4000;;;
??????????;72.78;20000000;20000;1000;0;72.78;0;1;0;1;0;0;0;1;0;0;4.4;68.38;15.54090909;0.049;980;;;
??????????;159.44;50000000;200000;250;0;165.89;1;1;0;1;0;0;0;1;0;0;4.4;155.04;35.23636364;0.049;9800;;;
?????2M?Lineage2M?;264.98;10000000;50000;200;11.95;385.29;0;1;0;1;0;0;0;1;0;0;4.4;260.58;59.22272727;0.049;2450;;;
?????? ?? ???????;176.31;10000000;10000;1000;0;231.51;1;1;0;1;0;0;0;1;0;0;4.4;171.91;39.07045455;0.049;490;;;
??? ?;46.27;5000000;50000;100;0;67.41;0;1;0;1;0;0;0;1;0;0;4.4;41.87;9.515909091;0.049;2450;;;
?????? ???;36.26;20000000;500000;40;36.26;0;1;1;0;1;0;0;1;0;0;0;2.53;33.73;13.33201581;0.049;24500;;;
???M;325.09;20000000;20000;1000;0;325.09;1;1;0;1;0;0;0;1;0;0;4.4;320.69;72.88409091;0.049;980;;;
????3;54.62;5000000;10000;500;0;54.62;0;1;0;1;0;0;0;1;0;0;4.4;50.22;11.41363636;0.049;490;;;
??: ??? ???;224.39;10000000;10000;1000;0;224.39;1;1;0;1;0;0;0;1;0;0;4.4;219.99;49.99772727;0.049;490;;;
?2? ??: Cross Worlds;63.93;5000000;20000;250;0;62.65;0;1;0;1;0;0;0;1;0;0;4.4;59.53;13.52954545;0.049;980;;;
?? ?? Z;17.98;5000000;100000;50;0;17.04;1;1;0;1;0;0;0;0;0;1;3.28;14.7;4.481707317;0.052;5200;;;
??? ?;51.12;5000000;20000;250;0;51.12;1;1;0;1;0;1;0;0;0;0;3.81;47.31;12.41732283;0.06;1200;;;
???? ???;34.6;5000000;100000;50;0;34.6;1;1;0;1;0;0;0;1;0;0;4.4;30.2;6.863636364;0.049;4900;;;
????;69.7;10000000;100000;100;0;69.69;1;1;0;1;0;0;0;1;0;0;4.4;65.3;14.84090909;0.049;4900;;;
??? ??;69.12;10000000;50000;200;0;69.12;0;1;0;1;0;1;0;0;0;0;3.81;65.31;17.14173228;0.06;3000;;;
????????????;129.19;20000000;100000;200;0;129.46;0;1;0;1;0;1;0;0;0;0;3.81;125.38;32.90813648;0.06;6000;;;
????? - ??????????;22.08;5000000;100000;50;34.62;35.36;0;1;0;1;0;1;0;0;0;0;3.81;18.27;4.795275591;0.06;6000;;;
?????????;27.84;5000000;100000;50;0;27.84;0;1;0;1;0;0;0;1;0;0;4.4;23.44;5.327272727;0.049;4900;;;
????;140.63;5000000;50000;100;0;140.19;0;1;0;1;0;0;0;1;0;0;4.4;136.23;30.96136364;0.049;2450;;;
?????;73.38;5000000;50000;100;0;73.38;0;1;0;1;0;0;0;1;0;0;4.4;68.98;15.67727273;0.049;2450;;;
?? : ??;28.12;5000000;200000;25;0;22.41;1;1;0;1;0;0;0;1;0;0;4.4;23.72;5.390909091;0.049;9800;;;
??3;14.94;5000000;500000;10;10.88;33.38;0;1;0;1;0;0;1;0;0;0;2.53;12.41;4.90513834;0.049;24500;;;
?????®;4.45;5000000;1000000;5;0;4.46;1;0;0;1;0;0;0;0;0;1;3.28;1.17;0.356707317;0.052;52000;;;
?????-?????????????????;42;10000000;10000;1000;0;42;0;1;0;1;0;0;0;0;1;0;7.28;34.72;4.769230769;0.05;500;;;
???? - ?????????;86.99;10000000;100000;100;0;87.34;1;1;0;1;0;0;0;1;0;0;4.4;82.59;18.77045455;0.049;4900;;;
?????;28.64;5000000;50000;100;0;28.64;0;1;0;1;0;1;0;0;0;0;3.81;24.83;6.517060367;0.06;3000;;;
?????????-????????;21.38;5000000;200000;25;21.38;0;0;1;0;1;0;0;0;1;0;0;4.4;16.98;3.859090909;0.049;9800;;;
????;138.28;50000000;100000;500;0;137.64;0;1;0;1;0;0;0;1;0;0;4.4;133.88;30.42727273;0.049;4900;;;
???????;41.62;5000000;50000;100;0;41.26;0;1;0;1;0;0;0;1;0;0;4.4;37.22;8.459090909;0.049;2450;;;
?????;4.17;5000000;500000;10;0;4.17;1;1;0;1;0;0;0;0;0;1;3.28;0.89;0.271341463;0.052;26000;;;
????;5.38;5000000;1000000;5;0;5.38;0;1;0;1;0;0;1;0;0;0;2.53;2.85;1.126482213;0.049;49000;;;
????;24.34;10000000;200000;50;0;24.34;0;1;0;1;0;0;1;0;0;0;2.53;21.81;8.62055336;0.049;9800;;;
????-???????????;80.4;10000000;50000;200;0;80.3;0;1;0;1;0;1;0;0;0;0;3.81;76.59;20.1023622;0.06;3000;;;
????;27.43;100000000;2000000;50;0;27.43;0;1;0;1;0;0;0;1;0;0;4.4;23.03;5.234090909;0.049;98000;;;
??4;180.64;10000000;20000;500;0;182.67;1;1;0;0.99;0;0;0;1;0;0;4.4;176.24;40.05454545;0.049;980;;;
??????;19.67;5000000;100000;50;0;19.67;0;1;0;1;0;0;0;1;0;0;4.4;15.27;3.470454545;0.049;4900;;;
????:????;12.7;10000000;200000;50;0;12.7;1;1;0;1;0;0;1;0;0;0;2.53;10.17;4.019762846;0.049;9800;;;
??????;15.61;20000000;500000;40;0;15.61;0;1;0;1;0;0;0;1;0;0;4.4;11.21;2.547727273;0.049;24500;;;
????;21.91;10000000;500000;20;0;21.91;1;1;0;1;0;1;0;0;0;0;3.81;18.1;4.750656168;0.06;30000;;;
?????;10.81;10000000;500000;20;0;10.81;0;1;0;1;0;0;0;1;0;0;4.4;6.41;1.456818182;0.049;24500;;;
??-???;85.4;10000000;50000;200;0;85.61;0;1;0;1;0;0;0;1;0;0;4.4;81;18.40909091;0.049;2450;;;
???;40.31;5000000;100000;50;0;42.46;0;1;0;1;0;0;0;1;0;0;4.4;35.91;8.161363636;0.049;4900;;;
?????;19.06;10000000;500000;20;0;19.06;0;1;0;1;0;0;0;1;0;0;4.4;14.66;3.331818182;0.049;24500;;;
Rush Royale: Tower Defense TD;1.91;5000000;1000000;5;4.7;4.49;1;1;0;0.185;0;1;0;0;0;0;3.81;-1.9;-0.498687664;0.06;60000;;;
Cookie Run: OvenBreak;3.27;2000000;200000;10;3.33;5.44;1;1;0;0.81;0;0;0;0;0;1;3.28;-0.01;-0.00304878;0.052;10400;;;
KartRider Rush+;8.27;2000000;200000;10;2.91;11.44;0;1;0;0.91;1;0;0;0;0;0;2.29;5.98;2.611353712;0.04;8000;;;
ONE PIECE THOUSAND STORM;22.48;2000000;20000;100;1.3;34.09;0;1;0;1;0;0;0;1;0;0;4.4;18.08;4.109090909;0.049;980;;;
Ulala: Idle Adventure;14.18;1000000;50000;20;18.19;17.08;0;1;0;0.29;0;0;0;1;0;0;4.4;9.78;2.222727273;0.049;2450;;;
?????;70.37;2000000;20000;100;0;70.37;0;1;0;1;0;0;0;1;0;0;4.4;65.97;14.99318182;0.049;980;;;
?????;46.97;2000000;20000;100;0;46.97;0;1;0;1;0;0;0;1;0;0;4.4;42.57;9.675;0.049;980;;;
Call of Duty®: Mobile - Garena;2.36;2000000;500000;4;0;5.95;1;1;0;1;0;0;1;0;0;0;2.53;-0.17;-0.067193676;0.049;24500;;;
Battle Warship: Naval Empire;10.54;2000000;100000;20;22.27;25.76;0;1;0;0.16;0;1;0;0;0;0;3.81;6.73;1.766404199;0.06;6000;;;
?????;49.94;2000000;20000;100;0;39.82;0;1;0;1;0;0;0;1;0;0;4.4;45.54;10.35;0.049;980;;;
Last Fortress: Underground;2.64;2000000;500000;4;7.22;0;0;1;0;0.05;0;1;0;0;0;0;3.81;-1.17;-0.307086614;0.06;30000;;;
Words With Friends 2 Word Game;1.93;2000000;500000;4;2.35;0;1;0;0;0;0;0;0;0;0;1;3.28;-1.35;-0.411585366;0.052;26000;;;
??;31.32;2000000;50000;40;0;31.32;0;1;0;1;0;0;0;1;0;0;4.4;26.92;6.118181818;0.049;2450;;;
???;40.3;5000000;100000;50;0;42.46;0;1;0;0.98;0;0;0;1;0;0;4.4;35.9;8.159090909;0.049;4900;;;
Zooba: Zoo Battle Royale Game;0.8;2000000;2000000;1;2.37;3.45;0;1;0;0.16;0;0;1;0;0;0;2.53;-1.73;-0.683794466;0.049;98000;;;
World of Tanks Blitz;2.42;2000000;1000000;2;5.26;7.77;0;1;83;0.06;0;0;1;0;0;0;2.53;-0.11;-0.043478261;0.049;49000;;;
Black Desert Mobile;9.81;2000000;200000;10;26.06;82.7;0;1;0;0.64;0;0;1;0;0;0;2.53;7.28;2.877470356;0.049;9800;;;
??LostWord;15.23;1000000;100000;10;7.5;18.95;0;1;0;0.73;0;0;0;1;0;0;4.4;10.83;2.461363636;0.049;4900;;;
Dragon City Mobile;1.57;2000000;2000000;1;3.9;0;1;1;0;0;0;1;0;0;0;0;3.81;-2.24;-0.587926509;0.06;120000;;;
??46????46 UNI'S ON AIR;79.95;2000000;5000;400;0;79.95;1;1;0;1;0;0;0;0;0;1;3.28;76.67;23.375;0.052;260;;;
FIFA????-2022;18.77;2000000;100000;20;0;18.77;1;1;0;1;1;0;0;0;0;0;2.29;16.48;7.19650655;0.04;4000;;;
Scatter Slots - Slot Machines;10.85;2000000;200000;10;14.58;0;1;1;0;0;0;0;0;0;1;0;7.28;3.57;0.490384615;0.05;10000;;;
????-???????BOSS?;8.33;2000000;200000;10;0;8.33;1;1;0;1;0;0;0;0;0;1;3.28;5.05;1.539634146;0.052;10400;;;
Stumble Guys: Multiplayer Royale;0.09;2000000;10000000;0.2;0.25;0;1;1;0;0;0;0;0;0;0;1;3.28;-3.19;-0.972560976;0.052;520000;;;
Mech Arena: Robot Showdown;1.22;2000000;1000000;2;3.41;7.88;0;1;0;0.14;0;0;1;0;0;0;2.53;-1.31;-0.517786561;0.049;49000;;;
Ragnarok Origin;48.82;2000000;20000;100;16.34;74.21;0;1;0;0.24;0;0;0;1;0;0;4.4;44.42;10.09545455;0.049;980;;;
RO???????????;25.96;2000000;20000;100;0;48.25;0;1;0;0.76;0;0;0;1;0;0;4.4;21.56;4.9;0.049;980;;;
TailedDemonSlayer - Idle RPG;2.64;2000000;1000000;2;2.07;5.52;1;1;0;0.61;0;0;0;1;0;0;4.4;-1.76;-0.4;0.049;49000;;;
Cooking Diary® Restaurant Game;4.28;2000000;500000;4;9.97;5.62;1;1;0;0.04;0;0;0;0;0;1;3.28;1;0.304878049;0.052;26000;;;
Sengoku Fubu;41.23;1000000;20000;50;0;58.01;0;1;0;0.97;0;1;0;0;0;0;3.81;37.42;9.82152231;0.06;1200;;;
???;5;2000000;100000;20;0;5;1;1;0;1;0;0;0;1;0;0;4.4;0.6;0.136363636;0.049;4900;;;
War Machines: Tank Army Game;0.96;2000000;1000000;2;4.7;2.99;1;1;0;0.05;0;1;0;0;0;0;3.81;-2.85;-0.748031496;0.06;60000;;;
Last Fortress;3.03;2000000;500000;4;3.71;0;1;1;0;0.06;0;1;0;0;0;0;3.81;-0.78;-0.204724409;0.06;30000;;;
Idle Huntress?Adventure;9.6;2000000;100000;20;11.02;0;0;1;0;0;0;0;0;0;0;1;3.28;6.32;1.926829268;0.052;5200;;;
Awaken: Chaos Era;9.54;2000000;100000;20;15.01;0;1;1;0;0;0;0;0;1;0;0;4.4;5.14;1.168181818;0.049;4900;;;
Cookie Jam™ Match 3 Games;6.46;2000000;100000;20;9.82;3.52;1;1;0;0.045;0;0;0;0;0;1;3.28;3.18;0.969512195;0.052;5200;;;
?????????;65.82;1000000;5000;200;0;65.82;1;1;0;1;0;0;0;0;0;1;3.28;62.54;19.06707317;0.052;260;;;
Tales of the Rays;42.63;1000000;5000;200;1.14;42.63;1;1;60;1;0;0;0;1;0;0;4.4;38.23;8.688636364;0.049;245;;;
????-????3?1;8.08;2000000;100000;20;0;8.22;1;1;0;0.98;0;0;0;0;0;1;3.28;4.8;1.463414634;0.052;5200;;;
Infinity Kingdom;6.4;2000000;100000;20;12.22;14.31;0;1;0;0.42;0;1;0;0;0;0;3.81;2.59;0.679790026;0.06;6000;;;
Idle Mafia;2.9;2000000;200000;10;3.98;5.95;1;1;0;0.14;0;0;0;0;0;1;3.28;-0.38;-0.115853659;0.052;10400;;;
?????? ????????;17.28;2000000;100000;20;45.2;0;1;1;0;0;0;1;0;0;0;0;3.81;13.47;3.535433071;0.06;6000;;;
League of Legends: Wild Rift;1.65;2000000;500000;4;3.68;3.07;0;1;89;0.14;0;0;0;1;0;0;4.4;-2.75;-0.625;0.049;24500;;;
Pokémon Masters EX;4.32;2000000;200000;10;4.14;14.46;0;1;63;0.61;0;0;0;1;0;0;4.4;-0.08;-0.018181818;0.049;9800;;;
Shining Nikki;11.31;2000000;500000;4;4.05;14.57;0;1;0;0.77;0;0;0;0;0;1;3.28;8.03;2.448170732;0.052;26000;;;
??u La ??i L?c:H?nS? ??iQuy?t;1.19;500000;500000;1;0;1.19;1;1;0;1;0;0;0;1;0;0;4.4;-3.21;-0.729545455;0.049;24500;;;
GSN Casino: Slot Machine Games;18.03;2000000;20000;100;20.52;0;1;1;0;0;0;0;0;0;1;0;7.28;10.75;1.476648352;0.05;1000;;;
Art of War: Legions;1.68;2000000;200000;10;4.22;7.76;1;1;0;0.35;0;1;0;0;0;0;3.81;-2.13;-0.559055118;0.06;12000;;;
Last Empire - War Z: Strategy;5.8;2000000;5000;400;9.74;11.45;0;1;0;0.33;0;1;0;0;0;0;3.81;1.99;0.522309711;0.06;300;;;
??;22.57;2000000;100000;20;0;22.57;0;1;0;1;0;0;0;1;0;0;4.4;18.17;4.129545455;0.049;4900;;;
??? ??;25.1;2000000;20000;100;0;25.34;1;1;0;1;0;0;0;0;1;0;7.28;17.82;2.447802198;0.05;1000;;;
????????;3.07;2000000;200000;10;0;3.05;1;0;0;1;0;0;0;0;0;1;3.28;-0.21;-0.06402439;0.052;10400;;;
King's Throne;7.05;2000000;100000;20;9.15;0;1;1;0;0;0;1;0;0;0;0;3.81;3.24;0.850393701;0.06;6000;;;
???????play?????;8.54;500000;50000;10;0;7.56;0;1;0;1;0;0;0;0;0;1;3.28;5.26;1.603658537;0.052;2600;;;
Gummy Drop! Match 3 Puzzles;9.74;2000000;5000;400;11.98;10.03;1;1;0;0;0;0;0;0;0;1;3.28;6.46;1.969512195;0.052;260;;;
?????? - ???????? ??????? ???;23.35;2000000;50000;40;0;23.35;1;1;0;1;0;0;0;0;1;0;7.28;16.07;2.207417582;0.05;2500;;;
Club Vegas Slots: Casino Games;5.49;2000000;200000;10;9.95;0;1;1;0;0.03;0;0;0;0;1;0;7.28;-1.79;-0.245879121;0.05;10000;;;
Animal Crossing: Pocket Camp;3.74;2000000;200000;10;2.03;9.11;0;1;72;0.52;0;0;0;0;0;1;3.28;0.46;0.140243902;0.052;10400;;;
Tennis Clash: Multiplayer Game;0.78;2000000;2000000;1;1.95;1.9;1;1;0;0.07;1;0;0;0;0;0;2.29;-1.51;-0.659388646;0.04;80000;;;
Sky: Children of the Light;3.29;5000000;500000;10;2.63;11.45;0;1;82;0.69;0;0;1;0;0;0;2.53;0.76;0.300395257;0.049;24500;;;
Idle Heroes;12.22;2000000;200000;10;17.27;23.14;1;1;0;0.12;0;0;0;1;0;0;4.4;7.82;1.777272727;0.049;9800;;;
Candy Crush Jelly Saga;2.36;2000000;500000;4;5.42;3.56;1;1;0;0.04;0;0;0;0;0;1;3.28;-0.92;-0.280487805;0.052;26000;;;
???????;32.31;2000000;50000;40;0;32.31;0;1;0;1;0;0;0;0;0;1;3.28;29.03;8.850609756;0.052;2600;;;
CSR 2 Drag Racing Car Games;3.65;2000000;200000;10;5.81;1.44;1;1;0;0;1;0;0;0;0;0;2.29;1.36;0.593886463;0.04;8000;;;
Property Brothers Home Design;2.34;2000000;500000;4;5.18;0;0;1;0;0;0;0;0;0;0;1;3.28;-0.94;-0.286585366;0.052;26000;;;
Idle Lumber Empire;0.52;2000000;2000000;1;1.97;1.05;1;1;0;0.11;0;0;0;0;0;1;3.28;-2.76;-0.841463415;0.052;104000;;;
Gunship Battle Total Warfare;5.57;2000000;100000;20;7.54;23.48;1;1;0;0.45;0;1;0;0;0;0;3.81;1.76;0.461942257;0.06;6000;;;
88 Fortunes Slots Casino Games;13.24;2000000;100000;20;19.07;0;0;1;0;0.02;0;0;0;0;1;0;7.28;5.96;0.818681319;0.05;5000;;;
??????????-3D????????;1.7;2000000;200000;10;0;1.7;1;0;0;0.99;0;0;0;0;0;1;3.28;-1.58;-0.481707317;0.052;10400;;;
???? SLAM DUNK;16.53;2000000;100000;20;0;18.49;0;1;0;0.95;1;0;0;0;0;0;2.29;14.24;6.218340611;0.04;4000;;;
WWE Champions;4.34;2000000;100000;20;14.14;0;0;1;0;0;0;0;0;0;0;1;3.28;1.06;0.323170732;0.052;5200;;;
Disney Magic Kingdoms;1.7;1000000;200000;5;4.79;1.21;0;1;0;0.08;0;0;0;0;0;1;3.28;-1.58;-0.481707317;0.052;10400;;;
Ragnarok X: Next Generation;10.3;2000000;200000;10;0;46.69;1;1;0;1;0;0;0;1;0;0;4.4;5.9;1.340909091;0.049;9800;;;
Bingo Wild - BINGO Game Online;5.47;1000000;100000;10;6.98;0;1;1;0;0.08;0;0;0;0;0;1;3.28;2.19;0.667682927;0.052;5200;;;
Love & Pies - Merge;2.56;1000000;200000;5;4.7;0;0;1;0;0;0;0;0;0;0;1;3.28;-0.72;-0.219512195;0.052;10400;;;
GUNS UP! Mobile;0.62;500000;500000;1;0.81;1.35;0;1;0;0;0;1;0;0;0;0;3.81;-3.19;-0.837270341;0.06;30000;;;
DRAGON QUEST OF THE STARS;61.31;1000000;20000;50;3.83;67.86;0;1;0;1;0;0;0;1;0;0;4.4;56.91;12.93409091;0.049;980;;;
War Dragons;8.88;1000000;20000;50;14.53;0;1;1;0;0.07;0;1;0;0;0;0;3.81;5.07;1.330708661;0.06;1200;;;
Crash Fever;12.16;1000000;10000;100;0;12.16;0;1;0;0.94;0;0;0;0;0;1;3.28;8.88;2.707317073;0.052;520;;;
F1 Clash - Car Racing Manager;2.21;1000000;500000;2;4.02;0;1;1;0;0;1;0;0;0;0;0;2.29;-0.08;-0.034934498;0.04;20000;;;
Charm King™;7.18;1000000;20000;50;9.01;0;1;1;0;0;0;0;0;0;0;1;3.28;3.9;1.18902439;0.052;1040;;;
League of Angels: Chaos;0.88;1000000;1000000;1;2.7;0;0;1;0;0;0;0;0;1;0;0;4.4;-3.52;-0.8;0.049;49000;;;
Guardian Tales;9.83;1000000;200000;5;9.99;23.87;0;1;0;0.59;0;0;0;1;0;0;4.4;5.43;1.234090909;0.049;9800;;;
Lord of Heroes: anime games;5.5;500000;100000;5;3.8;12.11;1;1;0;0.82;0;0;0;1;0;0;4.4;1.1;0.25;0.049;4900;;;
Ragnarok Labyrinth NFT;2.68;200000;100000;2;0;2.68;1;1;0;1;0;0;0;1;0;0;4.4;-1.72;-0.390909091;0.049;4900;;;
MODERN WARSHIPS;0.54;500000;1000000;0.5;4.06;3.9;1;1;0;0.11;0;0;1;0;0;0;2.53;-1.99;-0.786561265;0.049;49000;;;
Bricks n Balls;1.77;500000;200000;2.5;1.77;0.43;1;1;0;0.06;0;0;0;0;0;1;3.28;-1.51;-0.460365854;0.052;10400;;;
Galaxiga: Classic Arcade Game;0.19;500000;2000000;0.25;0.59;0;1;1;0;0.1;0;0;0;0;0;1;3.28;-3.09;-0.942073171;0.052;104000;;;
Touken Ranbu -ONLINE- Pocket;42.74;1000000;10000;100;0;42.76;0;1;0;0.99;0;0;0;1;0;0;4.4;38.34;8.713636364;0.049;490;;;
Idle Miner Tycoon: Gold & Cash;0.59;1000000;1000000;1;1.24;0.72;1;1;0;0.1;0;0;0;0;0;1;1;-0.41;-0.41;0.052;52000;;;
Bingo Journey?Real Bingo Games;10.06;1000000;20000;50;11.35;0;1;1;0;0.15;0;0;0;0;1;0;7.28;2.78;0.381868132;0.05;1000;;;
Left to Survive: survival game;1.18;1000000;1000000;1;3.03;3.04;1;1;0;0.06;0;0;1;0;0;0;2.53;-1.35;-0.533596838;0.049;49000;;;
Cooking Fever: Restaurant Game;0.72;1000000;2000000;0.5;1.45;1.37;1;1;0;0.04;0;0;0;0;0;1;3.28;-2.56;-0.780487805;0.052;104000;;;
Ignite Classic Slots-Casino;14.7;1000000;50000;20;15.53;0;0;1;0;0;0;0;0;0;1;0;7.28;7.42;1.019230769;0.05;2500;;;
Guardians of Cloudia;12.02;1000000;200000;5;12.02;0;1;1;0;0;0;0;0;1;0;0;4.4;7.62;1.731818182;0.049;9800;;;
MORTAL KOMBAT: A Fighting Game;1.09;1000000;1000000;1;2.42;0;0;1;0;0;0;0;1;0;0;0;2.53;-1.44;-0.56916996;0.049;49000;;;
Supremacy 1914 - WW1 Strategy;1.26;1000000;500000;2;2.94;0;1;1;0;0;0;1;0;0;0;0;3.81;-2.55;-0.669291339;0.06;30000;;;
Immortal Diaries;9.7;1000000;20000;50;11.54;0;0;1;0;0;0;0;0;1;0;0;4.4;5.3;1.204545455;0.049;980;;;
No Limit Drag Racing 2;2.8;1000000;200000;5;4.78;0;1;1;0;0;1;0;0;0;0;0;2.29;0.51;0.222707424;0.04;8000;;;
Train Station 2: Railroad Game;0.96;1000000;500000;2;2.84;0;1;1;0;0;0;1;0;0;0;0;3.81;-2.85;-0.748031496;0.06;30000;;;
Legend of the Phoenix;5.09;1000000;100000;10;12.82;0;1;1;0;0.09;0;0;0;1;0;0;4.4;0.69;0.156818182;0.049;4900;;;
Dragon Farm Adventure-Fun Game;1.3;500000;500000;1;1.59;0;0;1;0;0;0;0;0;0;0;1;3.28;-1.98;-0.603658537;0.052;26000;;;
Grand Summoners - Anime RPG;17.61;1000000;100000;10;16.1;27.17;0;1;0;0.29;0;0;0;1;0;0;4.4;13.21;3.002272727;0.049;4900;;;
Gin Rummy Plus;3;1000000;100000;10;4.23;0;1;1;0;0.04;0;0;0;0;0;1;3.28;-0.28;-0.085365854;0.052;5200;;;
Bubble Pop Origin! Puzzle Game;1.12;1000000;1000000;1;1.8;0;1;1;0;0;0;0;0;0;0;1;3.28;-2.16;-0.658536585;0.052;52000;;;
FINAL FANTASY Record Keeper;50.78;1000000;5000;200;17.17;104.37;0;1;75;0.72;0;0;0;1;0;0;4.4;46.38;10.54090909;0.049;245;;;
Empire: Four Kingdoms;6.13;1000000;20000;50;15.05;0;1;1;0;0;0;1;0;0;0;0;3.81;2.32;0.608923885;0.06;1200;;;
MARVEL Puzzle Quest: Hero RPG;5.27;1000000;200000;5;15.43;0;0;1;0;0.01;0;0;0;1;0;0;4.4;0.87;0.197727273;0.049;9800;;;
Play Together;0.42;1000000;1000000;1;0.86;1.82;1;1;0;0.65;0;0;0;0;0;1;3.28;-2.86;-0.87195122;0.052;52000;;;
Bricks Ball Crusher;0.54;1000000;200000;5;1.28;0.26;1;1;0;0.04;0;0;0;0;0;1;3.28;-2.74;-0.835365854;0.052;10400;;;
Boom Beach;4.98;1000000;200000;5;9.34;4.58;0;1;69;0;0;1;0;0;0;0;3.81;1.17;0.307086614;0.06;12000;;;
Injustice 2;2.01;1000000;200000;5;3.42;0;0;1;77;0;0;0;1;0;0;0;2.53;-0.52;-0.205533597;0.049;9800;;;
Double Win Slots Casino Game;6.99;1000000;50000;20;8.43;0;1;1;0;0;0;0;0;0;1;0;7.28;-0.29;-0.039835165;0.05;2500;;;
Tacticool;1.65;1000000;500000;2;2.9;4.47;1;1;0;0.25;0;0;1;0;0;0;2.53;-0.88;-0.347826087;0.049;24500;;;
Blade Idle;3.38;1000000;200000;5;3.25;7.75;1;1;0;0.59;0;0;1;0;0;0;2.53;0.85;0.335968379;0.049;9800;;;
Hill Climb Racing 2;0.22;500000;2000000;0.25;0.75;0;1;1;0;0;0;0;0;0;0;1;3.28;-3.06;-0.932926829;0.052;104000;;;
Obey Me! Anime Otome Sim Game;5.33;1000000;100000;10;7.46;0;1;1;0;0.2;0;0;0;1;0;0;4.4;0.93;0.211363636;0.049;4900;;;
Battlegrounds Mobile India;0.2;1000000;2000000;0.5;0;0;1;1;0;0;0;0;1;0;0;0;2.53;-2.33;-0.920948617;0.049;98000;;;
Game of War - Fire Age;19.52;1000000;5000;200;29.28;23.7;0;1;67;0.04;0;1;0;0;0;0;3.81;15.71;4.12335958;0.06;300;;;
Big Farm: Mobile Harvest;2.37;1000000;200000;5;4.47;0;1;1;0;0;0;0;0;0;0;1;3.28;-0.91;-0.277439024;0.052;10400;;;
Dice With Buddies: Social Game;10.13;1000000;20000;50;10.13;0;1;1;0;0;0;0;0;0;0;1;3.28;6.85;2.088414634;0.052;1040;;;
Penny & Flo: Finding Home;1.97;1000000;200000;5;6.08;0;1;1;0;0;0;0;0;0;0;1;3.28;-1.31;-0.399390244;0.052;10400;;;
Beatstar - Touch Your Music ;0.88;2000000;2000000;1;1.69;0;1;1;0;0;0;0;0;0;0;1;3.28;-2.4;-0.731707317;0.052;104000;;;
Idle Lumber Empire;0.52;200000;200000;1;1.97;1.05;1;1;0;0;0;0;0;0;0;1;3.28;-2.76;-0.841463415;0.052;10400;;;
Merge Fables;5.53;200000;10000;20;8.63;8.28;1;1;0;0.14;0;0;0;0;0;1;3.28;2.25;0.68597561;0.052;520;;;
The King of Fighters ALLSTAR;5.61;2000000;500000;4;5.7;31.56;1;1;0;0.56;0;0;1;0;0;0;2.53;3.08;1.217391304;0.049;24500;;;
Sniper 3D: Gun Shooting Games;0.39;2000000;5000000;0.4;1.37;1.28;1;1;0;0.11;0;0;1;0;0;0;2.53;-2.14;-0.845849802;0.049;245000;;;
Rise of the Kings;7.75;1000000;100000;10;21.25;0;0;1;0;0.1;0;1;0;0;0;0;3.81;3.94;1.034120735;0.06;6000;;;
Conflict of Nations: WW3;3.92;2000000;200000;10;6.39;0;0;1;0;0;0;1;0;0;0;0;3.81;0.11;0.028871391;0.06;12000;;;
Time Princess: Story Traveler;1.85;1000000;200000;5;3.73;2.24;0;1;0;0.29;0;0;0;1;0;0;4.4;-2.55;-0.579545455;0.049;9800;;;
Alchemy Stars ;13.61;1000000;50000;20;11.3;20.44;0;1;0;0.63;0;0;0;1;0;0;4.4;9.21;2.093181818;0.049;2450;;;
Pokemon UNITE ;0.48;1000000;1000000;1;0.93;1.52;0;1;70;0.41;0;0;0;1;0;0;4.4;-3.92;-0.890909091;0.049;49000;;;
Tales of the Rays;42.63;1000000;5000;200;1.14;0;0;1;0;1;0;0;0;1;0;0;4.4;38.23;8.688636364;0.049;245;;;
??NBA-???????;11.1;500000;100000;5;0;11.1;1;1;0;1;1;0;0;0;0;0;2.29;8.81;3.847161572;0.04;4000;;;
???????1 (??????);10.46;2000000;50000;40;0;10.85;1;1;0;0.96;0;0;0;0;1;0;7.28;3.18;0.436813187;0.05;2500;;;
????-Demon Hunter;16.79;2000000;50000;40;0;16.79;1;1;0;1;0;0;0;1;0;0;4.4;12.39;2.815909091;0.049;2450;;;
Last Day on Earth: Survival;1.65;2000000;500000;4;4.65;1.68;1;1;0;0;0;0;1;0;0;0;2.53;-0.88;-0.347826087;0.049;24500;;;
????;8.35;500000;50000;10;0;8.35;1;1;0;0.98;0;0;0;0;0;1;3.28;5.07;1.545731707;0.052;2600;;;
????? ??????????????RPG;18.42;2000000;50000;40;0;17.95;0;1;0;1;0;0;0;1;0;0;4.4;14.02;3.186363636;0.049;2450;;;
UNO!™;0.36;2000000;2000000;1;0.77;0.56;1;1;0;0.06;0;0;0;0;0;1;3.28;-2.92;-0.890243902;0.052;104000;;;
Blue Archive;12.14;1000000;100000;10;18.06;22.37;0;1;0;0.53;0;0;0;1;0;0;4.4;7.74;1.759090909;0.049;4900;;;
Jurrasic World Alive;3.49;2000000;200000;10;5.93;0;1;1;0;0.03;0;0;1;0;0;0;2.53;0.96;0.37944664;0.049;9800;;;
Jackpot Crush: Las Vegas Slots;5.75;1000000;100000;10;8.32;0;1;1;0;0;0;0;0;0;1;0;7.28;-1.53;-0.210164835;0.05;5000;;;
Ace Defender: Dragon War;6.59;2000000;100000;20;8.55;17.23;1;1;0;0.67;0;0;0;1;0;0;4.4;2.19;0.497727273;0.049;4900;;;
????-??????????;11.59;1000000;50000;20;0;11.59;0;1;0;1;0;0;0;1;0;0;4.4;7.19;1.634090909;0.049;2450;;;
Monopoly Slots - Casino Games;7.88;1000000;100000;10;11.93;0;0;1;0;0;0;0;0;0;1;0;7.28;0.6;0.082417582;0.05;5000;;;
???????-???????;0;2000000;5000;400;0;0;0;1;0;0.04;0;1;0;0;0;0;3.81;-3.81;-1;0.06;300;;;
Angry Birds Journey;1.17;2000000;1000000;2;2.76;0;1;1;0;0.01;0;0;0;0;0;1;3.28;-2.11;-0.643292683;0.052;52000;;;
1945 Air Force: Airplane games;0.27;1000000;5000000;0.2;0.92;1.58;1;1;0;0.35;0;0;1;0;0;0;2.53;-2.26;-0.893280632;0.049;245000;;;
Bermuda Adventures Farm Island;1.19;1000000;1000000;1;2.92;0;1;1;0;0.04;0;0;0;0;0;1;3.28;-2.09;-0.637195122;0.052;52000;;;
Final Fantasy XV: A New Empire;11.22;2000000;10000;200;13.87;28.43;0;1;0;0.25;0;1;0;0;0;0;3.81;7.41;1.94488189;0.06;600;;;
New State Mobile;0.66;1000000;500000;2;1.9;2.77;0;1;0;0.39;0;0;1;0;0;0;2.53;-1.87;-0.739130435;0.049;24500;;;
Sega Net Mahjong MJ;12.78;2000000;20000;100;0;12.79;1;1;0;1;0;0;0;0;0;1;3.28;9.5;2.896341463;0.052;1040;;;
ManganDahen Casino;0;1000000;10000;100;0;0;1;1;0;0.98;0;0;0;0;1;0;7.28;-7.28;-1;0.05;500;;;
BitLife - Life Simulator;0.73;2000000;1000000;2;0.84;0;1;1;0;0;0;0;0;0;0;1;3.28;-2.55;-0.777439024;0.052;52000;;;
Madden NFL 22 Mobile Football;3.33;1000000;200000;5;3.9;0;1;1;0;0.01;1;0;0;0;0;0;2.29;1.04;0.454148472;0.04;8000;;;
A3: Still Alive;19.82;1000000;200000;5;14.7;63.75;0;1;51;0.64;0;0;0;1;0;0;4.4;15.42;3.504545455;0.049;9800;;;
Fist of the North Star ;59.57;1000000;5000;200;0;75.16;0;1;0;0.98;0;0;1;0;0;0;2.53;57.04;22.54545455;0.049;245;;;
Home Design Makeover ;3.63;1000000;200000;5;7.76;2.49;1;1;0;0.06;0;0;0;0;0;1;3.28;0.35;0.106707317;0.052;10400;;;
Plants vs Zombies 2;0.44;1000000;2000000;0.5;1.03;0.94;1;1;86;0.43;0;1;0;0;0;0;3.81;-3.37;-0.884514436;0.06;120000;;;
Merge Magic! ;7.83;1000000;20000;50;11.44;7.64;1;1;0;0.06;0;0;0;0;0;1;3.28;4.55;1.387195122;0.052;1040;;;
Legend of Emperor ;14.54;1000000;20000;50;0;24.79;0;1;0;0.87;0;0;0;1;0;0;4.4;10.14;2.304545455;0.049;980;;;
X-HERO: Idle Arena ;6.75;2000000;10000;200;3.66;14.27;0;1;0;0.99;0;0;0;1;0;0;4.4;2.35;0.534090909;0.049;490;;;
Chess - Play & Learn;0.61;1000000;1000000;1;1.17;0;1;1;0;0;1;0;0;0;0;0;2.29;-1.68;-0.733624454;0.04;40000;;;
SHAMAN KING ?????????;22.17;1000000;20000;50;0;22.26;0;1;0;1;0;0;0;1;0;0;4.4;17.77;4.038636364;0.049;980;;;
Need for Speed™ No Limits;0.63;1000000;2000000;0.5;1.68;1.32;0;1;67;0.05;1;0;0;0;0;0;2.29;-1.66;-0.72489083;0.04;80000;;;
???????;66.52;1000000;10000;100;0;66.53;0;1;0;1;0;0;1;0;0;0;2.53;63.99;25.29249012;0.049;490;;;
Classic Slots™ - Casino Games ;7.36;1000000;100000;10;7.78;0;1;1;0;0;0;0;0;0;1;0;7.28;0.08;0.010989011;0.05;5000;;;
Happy Clinic ;2.26;1000000;200000;5;3.14;0;1;1;0;0.11;0;0;0;0;0;1;3.28;-1.02;-0.31097561;0.052;10400;;;
My Cafe — Restaurant Game;1.36;1000000;500000;2;3.26;2.04;1;1;0;0;0;0;0;0;0;1;3.28;-1.92;-0.585365854;0.052;26000;;;
Football Master 2-Soccer Star;3.97;1000000;200000;5;1.42;17.38;1;1;0;0.95;1;0;0;0;0;0;2.29;1.68;0.733624454;0.04;8000;;;
Pixel Gun 3D - Battle Royale ;1.29;1000000;1000000;1;2.46;1.72;1;1;0;0.14;0;0;1;0;0;0;2.53;-1.24;-0.490118577;0.049;49000;;;
SHIN MEGAMI TENSEI L Dx2;35.88;500000;10000;50;0;0;1;1;0;0.93;0;0;0;1;0;0;4.4;31.48;7.154545455;0.049;490;;;
Bloons TD 6;0.31;20000;100000;0.2;0;0;0;1;0;0;0;1;0;0;0;0;3.81;-3.5;-0.918635171;0.06;6000;;;
Pirates of the Caribbean: ToW;8.36;1000000;100000;10;17.65;19.15;1;1;0;0.25;0;1;0;0;0;0;3.81;4.55;1.194225722;0.06;6000;;;
Kim Kardashian: Hollywood;5.25;1000000;100000;10;7.42;0;1;1;0;0;0;0;0;0;0;1;3.28;1.97;0.600609756;0.052;5200;;;
DC Worlds Collide;1.86;200000;100000;2;0;1.94;0;1;0;1;0;0;0;1;0;0;4.4;-2.54;-0.577272727;0.049;4900;;;
Angry Birds Friends;0.83;1000000;1000000;1;4.54;0;1;1;65;0.01;0;0;0;0;0;1;3.28;-2.45;-0.74695122;0.052;52000;;;
????????????;11.64;1000000;20000;50;0;11.64;0;1;0;1;0;0;1;0;0;0;2.53;9.11;3.600790514;0.049;980;;;
MARVEL Future Revolution;2.36;1000000;200000;5;3.98;7.38;0;1;78;0.23;0;0;0;1;0;0;4.4;-2.04;-0.463636364;0.049;9800;;;
Hidden City: Mystery Games;5.59;1000000;50000;20;6.59;8.52;1;1;0;0.27;0;0;1;0;0;0;2.53;3.06;1.209486166;0.049;2450;;;
???? ????? 3 | ????? ??????;6.18;2000000;100000;20;13.09;0;0;1;0;0;0;1;0;0;0;0;3.81;2.37;0.622047244;0.06;6000;;;
Standoff 2;0.97;1000000;2000000;0.5;0.83;0.94;1;1;0;0;0;0;1;0;0;0;2.53;-1.56;-0.616600791;0.049;98000;;;
Dragon Raja ;5.32;1000000;2000000;0.5;10.2;0;1;1;0;0.1;0;0;0;1;0;0;4.4;0.92;0.209090909;0.049;98000;;;
Love Live! All Stars ;53.79;1000000;20000;50;0;81.01;0;1;0;0.89;0;0;0;0;0;1;3.28;50.51;15.39939024;0.052;1040;;;
2X;13.17;1000000;20000;50;0;13.17;1;0;0;1;0;0;0;1;0;0;4.4;8.77;1.993181818;0.049;980;;;
Random Dice: Defense ;7.64;1000000;200000;5;7.12;11.32;1;1;0;0.63;0;1;0;0;0;0;3.81;3.83;1.005249344;0.06;12000;;;
Dead by Daylight Mobile;0;200000;1000000;0.2;0;0.24;1;1;0;1;0;0;1;0;0;0;2.53;-2.53;-1;0.049;49000;;;
Dynasty Warriors: Overlords;15.6;1000000;5000;200;0;16.8;0;1;0;1;0;0;1;0;0;0;2.53;13.07;5.166007905;0.049;245;;;
DISSIDIA FINAL FANTASY OO;31.9;1000000;20000;50;17.61;57.5;0;1;0;0.57;0;0;0;1;0;0;4.4;27.5;6.25;0.049;980;;;
Land of Empires: Immortal;2.31;1000000;200000;5;0;0;0;1;0;0;0;1;0;0;0;0;3.81;-1.5;-0.393700787;0.06;12000;;;
Big Farm: Mobile Harvest;2.37;1000000;200000;5;4.47;0;1;1;0;0;0;0;0;0;0;1;3.28;-0.91;-0.277439024;0.052;10400;;;
Hill Climb Racing 2;0.22;500000;2000000;0.25;0.75;0;1;1;0;0;0;0;0;0;0;1;3.28;-3.06;-0.932926829;0.052;104000;;;
Empire: Four Kingdoms;6.13;1000000;20000;50;15.05;0;1;1;0;0;0;1;0;0;0;0;3.81;2.32;0.608923885;0.06;1200;;;
